{"cameraMode":{"drawMode":0,"name":"Shaded","section":"Shading Mode"},"sceneLighting":false,"audioPlay":false,"sceneViewState":{"showFog":true,"showMaterialUpdate":false,"showSkybox":false,"showFlares":true,"showImageEffects":true,"showParticleSystems":true},"in2DMode":false,"pivot":{"x":-110.01729583740235,"y":-222.76123046875,"z":-5.013987064361572},"rotation":{"x":0.12716209888458253,"y":-0.6630256772041321,"z":0.11576240509748459,"w":0.7286961674690247},"size":0.9123725295066834,"orthographic":false}