{"cameraMode":{"drawMode":0,"name":"Shaded","section":"Shading Mode"},"sceneLighting":true,"audioPlay":false,"sceneViewState":{"showFog":true,"showMaterialUpdate":false,"showSkybox":true,"showFlares":true,"showImageEffects":true,"showParticleSystems":true},"in2DMode":false,"pivot":{"x":14.119998931884766,"y":-1.5536141395568848,"z":3.1122937202453615},"rotation":{"x":-0.4186796247959137,"y":-0.035734038800001147,"z":0.01643448695540428,"w":-0.9073755741119385},"size":35.77891540527344,"orthographic":false}