{"cameraMode":{"drawMode":0,"name":"Shaded","section":"Shading Mode"},"sceneLighting":true,"audioPlay":false,"sceneViewState":{"showFog":true,"showMaterialUpdate":false,"showSkybox":true,"showFlares":true,"showImageEffects":true,"showParticleSystems":true},"in2DMode":false,"pivot":{"x":-26.960216522216798,"y":-4.45025634765625,"z":3.7182512283325197},"rotation":{"x":-0.4186796247959137,"y":-0.035734038800001147,"z":0.01643448695540428,"w":-0.9073755741119385},"size":12.974489212036133,"orthographic":false}